Workbook

Sheet Data
A1: BLS Major Sector Productivity and Costs | B1: BLS PRS84006093, index 1992=100 | C1: BLS PRS84006153, index 1992=100 | D1: new data is in 2005 =100 so this is rebased to 1992 | E1: new data is in 2005 =100 so this is rebased to 1992 | F1: Reindexed 1982 | G1: Reindexed 1982 | H1: Ratio | I1: Trended using Regression | J1: Ratio | K1: Reindexed to 1958 | L1: Reindexed to 1958 | M1: Ratio | N1: Calculated | O1: Calculated
A2: Year | B2: Productivity | C2: Real Hrly EC | D2: Productivity_Ext | E2: Real Hrly EC_Ext | F2: Productivity 1982=100 | G2: Real Hrly EC 1982=100 | H2: Ratio of Producivity to Real EC | I2: REALECF6081 (TREND) | J2: Z = ECTREND/EC | K2: Productivity 1958=100 | L2: Real Hrly EC 1958=100 | M2: Adj Real Hrly EC | N2: Actual Real Wage Relative to Productivity (index to 100 in 1947) | O2: Trend Real Wage Relative to Productivity (index to 100 in 1947)
A3: 1947 | B3: 32.232 | C3: 41.084 | D3: 32.232 | E3: 41.084 | F3: =D3*100/$D$38 -> 40.215099 | G3: =E3*100/$E$38 -> 45.327567 | H3: =(D3/E3)*100 -> 78.453899 | I3: =EXP(Regressions!$B$8+Regressions!$B$9*LN(F3)) -> 48.575049 | J3: =I3/G3 -> 1.0716448 | K3: =F3*100/$F$14 -> 69.663698 | L3: =G3*100/$G$14 -> 70.942119 | M3: =L3*J3 -> 76.02475 | N3: =(G3/F3)*100/($G$3/$F$3) -> 100 | O3: =(I3/F3)*100/($I$3/$F$3) -> 100
A4: 1948 | B4: 33.722 | C4: 41.229 | D4: 33.722 | E4: 41.229 | F4: =D4*100/$D$38 -> 42.074137 | G4: =E4*100/$E$38 -> 45.487544 | H4: =(D4/E4)*100 -> 81.791943 | I4: =EXP(Regressions!$B$8+Regressions!$B$9*LN(F4)) -> 50.341836 | J4: =I4/G4 -> 1.106717 | K4: =F4*100/$F$14 -> 72.884067 | L4: =G4*100/$G$14 -> 71.192499 | M4: =L4*J4 -> 78.789946 | N4: =(G4/F4)*100/($G$3/$F$3) -> 95.918861 | O4: =(I4/F4)*100/($I$3/$F$3) -> 99.05804
A5: 1949 | B5: 34.493 | C5: 42.32 | D5: 34.493 | E5: 42.32 | F5: =D5*100/$D$38 -> 43.036095 | G5: =E5*100/$E$38 -> 46.691233 | H5: =(D5/E5)*100 -> 81.505198 | I5: =EXP(Regressions!$B$8+Regressions!$B$9*LN(F5)) -> 51.249614 | J5: =I5/G5 -> 1.0976282 | K5: =F5*100/$F$14 -> 74.550445 | L5: =G5*100/$G$14 -> 73.076392 | M5: =L5*J5 -> 80.210708 | N5: =(G5/F5)*100/($G$3/$F$3) -> 96.256313 | O5: =(I5/F5)*100/($I$3/$F$3) -> 98.590174
A6: 1950 | B6: 37.325 | C6: 44.741 | D6: 37.325 | E6: 44.741 | F6: =D6*100/$D$38 -> 46.569514 | G6: =E6*100/$E$38 -> 49.362298 | H6: =(D6/E6)*100 -> 83.424599 | I6: =EXP(Regressions!$B$8+Regressions!$B$9*LN(F6)) -> 54.548468 | J6: =I6/G6 -> 1.1050634 | K6: =F6*100/$F$14 -> 80.671306 | L6: =G6*100/$G$14 -> 77.256872 | M6: =L6*J6 -> 85.37374 | N6: =(G6/F6)*100/($G$3/$F$3) -> 94.041685 | O6: =(I6/F6)*100/($I$3/$F$3) -> 96.97432
A7: 1951 | B7: 38.51 | C7: 45.439 | D7: 38.51 | E7: 45.439 | F7: =D7*100/$D$38 -> 48.048011 | G7: =E7*100/$E$38 -> 50.132395 | H7: =(D7/E7)*100 -> 84.750985 | I7: =EXP(Regressions!$B$8+Regressions!$B$9*LN(F7)) -> 55.913095 | J7: =I7/G7 -> 1.1153087 | K7: =F7*100/$F$14 -> 83.232472 | L7: =G7*100/$G$14 -> 78.462149 | M7: =L7*J7 -> 87.509516 | N7: =(G7/F7)*100/($G$3/$F$3) -> 92.569897 | O7: =(I7/F7)*100/($I$3/$F$3) -> 96.341636
A8: 1952 | B8: 39.602 | C8: 47.317 | D8: 39.602 | E8: 47.317 | F8: =D8*100/$D$38 -> 49.410473 | G8: =E8*100/$E$38 -> 52.204373 | H8: =(D8/E8)*100 -> 83.695078 | I8: =EXP(Regressions!$B$8+Regressions!$B$9*LN(F8)) -> 57.162855 | J8: =I8/G8 -> 1.0949821 | K8: =F8*100/$F$14 -> 85.592634 | L8: =G8*100/$G$14 -> 81.705001 | M8: =L8*J8 -> 89.465514 | N8: =(G8/F8)*100/($G$3/$F$3) -> 93.73777 | O8: =(I8/F8)*100/($I$3/$F$3) -> 95.779109
A9: 1953 | B9: 41.013 | C9: 49.951 | D9: 41.013 | E9: 49.951 | F9: =D9*100/$D$38 -> 51.170944 | G9: =E9*100/$E$38 -> 55.110439 | H9: =(D9/E9)*100 -> 82.106464 | I9: =EXP(Regressions!$B$8+Regressions!$B$9*LN(F9)) -> 58.767076 | J9: =I9/G9 -> 1.0663511 | K9: =F9*100/$F$14 -> 88.642258 | L9: =G9*100/$G$14 -> 86.253281 | M9: =L9*J9 -> 91.976278 | N9: =(G9/F9)*100/($G$3/$F$3) -> 95.551428 | O9: =(I9/F9)*100/($I$3/$F$3) -> 95.079425
A10: 1954 | B10: 41.883 | C10: 51.163 | D10: 41.883 | E10: 51.163 | F10: =D10*100/$D$38 -> 52.256422 | G10: =E10*100/$E$38 -> 56.447627 | H10: =(D10/E10)*100 -> 81.861892 | I10: =EXP(Regressions!$B$8+Regressions!$B$9*LN(F10)) -> 59.750442 | J10: =I10/G10 -> 1.0585111 | K10: =F10*100/$F$14 -> 90.522607 | L10: =G10*100/$G$14 -> 88.346111 | M10: =L10*J10 -> 93.515343 | N10: =(G10/F10)*100/($G$3/$F$3) -> 95.836899 | O10: =(I10/F10)*100/($I$3/$F$3) -> 94.662363
A11: 1955 | B11: 43.619 | C11: 52.664 | D11: 43.619 | E11: 52.664 | F11: =D11*100/$D$38 -> 54.422388 | G11: =E11*100/$E$38 -> 58.103665 | H11: =(D11/E11)*100 -> 82.82508 | I11: =EXP(Regressions!$B$8+Regressions!$B$9*LN(F11)) -> 61.699998 | J11: =I11/G11 -> 1.0618951 | K11: =F11*100/$F$14 -> 94.274661 | L11: =G11*100/$G$14 -> 90.937975 | M11: =L11*J11 -> 96.566591 | N11: =(G11/F11)*100/($G$3/$F$3) -> 94.722395 | O11: =(I11/F11)*100/($I$3/$F$3) -> 93.860626
A12: 1956 | B12: 43.647 | C12: 55.323 | D12: 43.647 | E12: 55.323 | F12: =D12*100/$D$38 -> 54.457323 | G12: =E12*100/$E$38 -> 61.037313 | H12: =(D12/E12)*100 -> 78.894854 | I12: =EXP(Regressions!$B$8+Regressions!$B$9*LN(F12)) -> 61.731308 | J12: =I12/G12 -> 1.01137 | K12: =F12*100/$F$14 -> 94.335178 | L12: =G12*100/$G$14 -> 95.529424 | M12: =L12*J12 -> 96.615594 | N12: =(G12/F12)*100/($G$3/$F$3) -> 99.441086 | O12: =(I12/F12)*100/($I$3/$F$3) -> 93.848013
A13: 1957 | B13: 45.026 | C13: 57.027 | D13: 45.026 | E13: 57.027 | F13: =D13*100/$D$38 -> 56.177869 | G13: =E13*100/$E$38 -> 62.917319 | H13: =(D13/E13)*100 -> 78.955582 | I13: =EXP(Regressions!$B$8+Regressions!$B$9*LN(F13)) -> 63.26817 | J13: =I13/G13 -> 1.0055764 | K13: =F13*100/$F$14 -> 97.315639 | L13: =G13*100/$G$14 -> 98.471819 | M13: =L13*J13 -> 99.020936 | N13: =(G13/F13)*100/($G$3/$F$3) -> 99.364601 | O13: =(I13/F13)*100/($I$3/$F$3) -> 93.238636
A14: 1958 | B14: 46.268 | C14: 57.912 | D14: 46.268 | E14: 57.912 | F14: =D14*100/$D$38 -> 57.727483 | G14: =E14*100/$E$38 -> 63.893731 | H14: =(D14/E14)*100 -> 79.893632 | I14: =EXP(Regressions!$B$8+Regressions!$B$9*LN(F14)) -> 64.643928 | J14: =I14/G14 -> 1.0117413 | K14: =F14*100/$F$14 -> 100 | L14: =G14*100/$G$14 -> 100 | M14: =L14*J14 -> 101.17413 | N14: =(G14/F14)*100/($G$3/$F$3) -> 98.197938 | O14: =(I14/F14)*100/($I$3/$F$3) -> 92.708812
... A65: 2009 | B65: 149.375 | C65: 124.007 | D65: 149.375 | E65: 124.007 | F65: =D65*100/$D$38 -> 186.37163 | G65: =E65*100/$E$38 -> 136.81568 | H65: =(D65/E65)*100 -> 120.45691 | I65: =EXP(Regressions!$B$8+Regressions!$B$9*LN(F65)) -> 163.27743 | J65: =I65/G65 -> 1.1934116 | K65: =F65*100/$F$14 -> 322.84732 | L65: =G65*100/$G$14 -> 214.13006 | M65: =L65*J65 -> 255.54531 | N65: =(G65/F65)*100/($G$3/$F$3) -> 65.130261 | O65: =(I65/F65)*100/($I$3/$F$3) -> 72.530762
A66: 2010 | D66: =109.484*100/73.056 -> 149.86312 | E66: =103.298*100/83.348 -> 123.93579 | F66: =D66*100/$D$38 -> 186.98065 | G66: =E66*100/$E$38 -> 136.73712 | H66: =(D66/E66)*100 -> 120.91997 | I66: =EXP(Regressions!$B$8+Regressions!$B$9*LN(F66)) -> 163.69909 | J66: =I66/G66 -> 1.1971811 | K66: =F66*100/$F$14 -> 323.90231 | L66: =G66*100/$G$14 -> 214.00709 | M66: =L66*J66 -> 256.20525 | N66: =(G66/F66)*100/($G$3/$F$3) -> 64.880845 | O66: =(I66/F66)*100/($I$3/$F$3) -> 72.481223
A67: 2011 | D67: =110.554*100/73.056 -> 151.32775 | E67: =102.668*100/83.348 -> 123.17992 | F67: =D67*100/$D$38 -> 188.80803 | G67: =E67*100/$E$38 -> 135.90318 | H67: =(D67/E67)*100 -> 122.85099 | I67: =EXP(Regressions!$B$8+Regressions!$B$9*LN(F67)) -> 164.9626 | J67: =I67/G67 -> 1.2138245 | K67: =F67*100/$F$14 -> 327.06784 | L67: =G67*100/$G$14 -> 212.70189 | M67: =L67*J67 -> 258.18276 | N67: =(G67/F67)*100/($G$3/$F$3) -> 63.861025 | O67: =(I67/F67)*100/($I$3/$F$3) -> 72.333741
A68: 2012 | D68: =109.852*100/73.056 -> 150.36684 | E68: =102.457*100/83.348 -> 122.92676 | F68: =D68*100/$D$38 -> 187.60913 | G68: =E68*100/$E$38 -> 135.62387 | H68: =(D68/E68)*100 -> 122.3223 | I68: =EXP(Regressions!$B$8+Regressions!$B$9*LN(F68)) -> 164.13394 | J68: =I68/G68 -> 1.2102142 | K68: =F68*100/$F$14 -> 324.99101 | L68: =G68*100/$G$14 -> 212.26475 | M68: =L68*J68 -> 256.88582 | N68: =(G68/F68)*100/($G$3/$F$3) -> 64.137039 | O68: =(I68/F68)*100/($I$3/$F$3) -> 72.430304

Sheet Regressions
A1: Regression used for Data Transformation: Ratio of productivity (y) to real employee compensation (ec) shows that if follows a steady trend in the "golden age" 1958-1981. This trend was captured by regressing lnec on lny over 1960-1981 See eqlneclnyt, realecf, and graphecforecast. This gives a more modest counterfactual wage path than using the whole period from 1947-1981, (time trend is not statistically significant). The trend is projected into 1982-2012. The ratio of realec to realecf is then used to adjust profit to show what they would have been if real wages had stayed on their golden age path. See Productivity and Wages.xls, and Corp Rop.xls
A2: EVIEWS FILE: prodwage.wf1, eqlneclnyt6081 [Rate of Profit Aggregate Folder]
A3: Dependent Variable: LOG(REALEC)
A4: Method: Least Squares
A5: Date: 06/21/10 Time: 17:02
A6: Sample: 1960 1981
A7: Variable | B7: Coefficient | C7: Std. Error | D7: t-Statistic | E7: Prob.
A8: C | B8: 0.962549 | C8: 0.061502 | D8: 15.65068 | E8: 0
A9: LOG(PRODUCTIVITY) | B9: 0.790571 | C9: 0.013916 | D9: 56.80826 | E9: 0
A10: R-squared | B10: 0.993841
A11: Adjusted R-squared | B11: 0.993533
A12: Akaike info criterion | B12: -6.265791
A13: Schwarz criterion | B13: -6.166605
